{"cameraMode":{"drawMode":0,"name":"Shaded","section":"Shading Mode"},"sceneLighting":false,"audioPlay":false,"sceneViewState":{"m_AlwaysRefresh":false,"showFog":true,"showSkybox":false,"showFlares":true,"showImageEffects":true,"showParticleSystems":true,"showVisualEffectGraphs":true,"m_FxEnabled":true},"in2DMode":false,"pivot":{"x":-0.8197708129882813,"y":0.000002384185791015625,"z":1.0774602890014649},"rotation":{"x":-0.1438675820827484,"y":0.8452161550521851,"z":-0.2827353775501251,"w":-0.4300842881202698},"size":0.8660253882408142,"orthographic":false}